Timestamp;Index;Title;Company;Dates
2023-08-16 11:36:09;0;Ansys Accelerates Innovation by Expanding AI Offerings with New Virtual Assistant;ANSYS Inc;2023-07-27T13:00:00+00:00
2023-08-16 11:36:09;1;The 3 Best 3D Printing Stocks to Buy Now: July 2023;ANSYS Inc;2023-07-31T11:30:31+00:00
2023-08-16 11:36:10;2;Factors to Note Ahead of ANSYS (ANSS) Q2 Earnings Release;ANSYS Inc;2023-07-31T13:48:00+00:00
2023-08-16 11:36:10;3;7 Semiconductor Stocks to Buy Before the Breakout;ASML Holding NV;2023-07-27T22:30:25+00:00
2023-08-16 11:36:11;4;3 Semiconductor Stocks You Better Be Buying on Each and Every Dip;ASML Holding NV;2023-07-28T12:13:45+00:00
2023-08-16 11:36:11;5;Intel’s Surprise Earning Beat Is Not the Only Thing Making It a Long-Term Buy;ASML Holding NV;2023-07-28T16:06:44+00:00
2023-08-16 11:36:12;6;S&amp P 500: Entertainment Giants, AI Play Lead Monday's 5 Best  Medtech Firms Sicken;Adobe Inc;2023-07-31T20:26:14+00:00
2023-08-16 11:36:12;7;Why Adobe Stock Bounced More Than 3% Higher Today;Adobe Inc;2023-07-31T21:44:47+00:00
2023-08-16 11:36:12;8;S&amp P 500 Gains and Losses Today: Oil Industry Stocks Advance as Oil Prices Climb;Adobe Inc;2023-07-31T22:04:08+00:00
2023-08-16 11:36:13;9;7 Stocks to Buy Before They Surpass 2021 Highs;Advanced Micro Devices Inc;2023-07-31T19:52:35+00:00
2023-08-16 12:03:33;0;Ansys Accelerates Innovation by Expanding AI Offerings with New Virtual Assistant;ANSYS Inc;2023-07-27T13:00:00+00:00
2023-08-16 12:03:33;1;The 3 Best 3D Printing Stocks to Buy Now: July 2023;ANSYS Inc;2023-07-31T11:30:31+00:00
2023-08-16 12:03:34;2;Factors to Note Ahead of ANSYS (ANSS) Q2 Earnings Release;ANSYS Inc;2023-07-31T13:48:00+00:00
2023-08-16 12:03:34;3;7 Semiconductor Stocks to Buy Before the Breakout;ASML Holding NV;2023-07-27T22:30:25+00:00
2023-08-16 12:03:35;4;3 Semiconductor Stocks You Better Be Buying on Each and Every Dip;ASML Holding NV;2023-07-28T12:13:45+00:00
2023-08-16 12:03:36;5;Intel’s Surprise Earning Beat Is Not the Only Thing Making It a Long-Term Buy;ASML Holding NV;2023-07-28T16:06:44+00:00
2023-08-16 12:03:36;6;S&amp P 500: Entertainment Giants, AI Play Lead Monday's 5 Best  Medtech Firms Sicken;Adobe Inc;2023-07-31T20:26:14+00:00
2023-08-16 12:03:36;7;Why Adobe Stock Bounced More Than 3% Higher Today;Adobe Inc;2023-07-31T21:44:47+00:00
2023-08-16 12:03:37;8;S&amp P 500 Gains and Losses Today: Oil Industry Stocks Advance as Oil Prices Climb;Adobe Inc;2023-07-31T22:04:08+00:00
2023-08-16 12:03:37;9;7 Stocks to Buy Before They Surpass 2021 Highs;Advanced Micro Devices Inc;2023-07-31T19:52:35+00:00
2023-08-16 12:04:52;0;Ansys Accelerates Innovation by Expanding AI Offerings with New Virtual Assistant;ANSYS Inc;2023-07-27T13:00:00+00:00
2023-08-16 12:04:52;1;The 3 Best 3D Printing Stocks to Buy Now: July 2023;ANSYS Inc;2023-07-31T11:30:31+00:00
2023-08-16 12:04:53;2;Factors to Note Ahead of ANSYS (ANSS) Q2 Earnings Release;ANSYS Inc;2023-07-31T13:48:00+00:00
2023-08-16 12:04:53;3;7 Semiconductor Stocks to Buy Before the Breakout;ASML Holding NV;2023-07-27T22:30:25+00:00
2023-08-16 12:04:54;4;3 Semiconductor Stocks You Better Be Buying on Each and Every Dip;ASML Holding NV;2023-07-28T12:13:45+00:00
2023-08-16 12:04:54;5;Intel’s Surprise Earning Beat Is Not the Only Thing Making It a Long-Term Buy;ASML Holding NV;2023-07-28T16:06:44+00:00
2023-08-16 12:04:55;6;S&amp P 500: Entertainment Giants, AI Play Lead Monday's 5 Best  Medtech Firms Sicken;Adobe Inc;2023-07-31T20:26:14+00:00
2023-08-16 12:04:55;7;Why Adobe Stock Bounced More Than 3% Higher Today;Adobe Inc;2023-07-31T21:44:47+00:00
2023-08-16 12:04:56;8;S&amp P 500 Gains and Losses Today: Oil Industry Stocks Advance as Oil Prices Climb;Adobe Inc;2023-07-31T22:04:08+00:00
2023-08-16 12:04:56;9;7 Stocks to Buy Before They Surpass 2021 Highs;Advanced Micro Devices Inc;2023-07-31T19:52:35+00:00
